"* path","* content","* id","* title","* title_breadcrumb","* title_h1","* title_label","* title_full","* logical_path","* list_flg","* layout","* orderby","* keywords","* description","* category_top_flg","* role","* proc_type","* **delete_flg"
"/index.html",,,"HOME",,,,,,"1","top",,,,,,,
"/overview/about/index.html",,,"はじめに",,"Pickles 2 とは？",,,,"1","fullcolumn",,,,"1",,,
"/download/index.html",,,"ダウンロード",,,,,,"1",,,,,"1",,,
"/manual/index.html",,,"使い方",,"Pickles 2 の使い方",,,,"1",,,,,"1",,,
"/manual/system_structure/index.html",,,"システムの構成",,,,,"/manual/index.html","1",,,,,,,,
"/manual/setup/index.html",,,"セットアップ手順",,,,,"/manual/index.html","1",,,,,,,,
"/manual/setup/apps.html",,,"アプリケーションのインストール",,,,,"/manual/index.html>/manual/setup/index.html","1",,,,,,,,
"/manual/setup/apps_env.html",,,"参考: 周辺環境のセットアップ方法",,,,,"/manual/index.html>/manual/setup/index.html>/manual/setup/apps.html",,,,,,,,,
"/manual/setup/apps_env_windows.html",,,"Windows PC に周辺環境をセットアップする","Windows PC",,,,"/manual/index.html>/manual/setup/index.html>/manual/setup/apps.html>/manual/setup/apps_env.html",,,,,,,,,
"/manual/setup/apps_env_mac.html",,,"macOS に周辺環境をセットアップする","macOS",,,,"/manual/index.html>/manual/setup/index.html>/manual/setup/apps.html>/manual/setup/apps_env.html",,,,,,,,,
"/manual/setup/projects.html",,,"プロジェクトのセットアップ",,,,,"/manual/index.html>/manual/setup/index.html","1",,,,,,,,
"/manual/configs/index.html",,,"設定",,,,,"/manual/index.html","1",,,,,,,,
"/manual/configs/pickles2_app_config.html",,,"Pickles 2 アプリケーション設定",,,,,"/manual/index.html>/manual/configs/index.html","1",,,,,,,,
"/manual/configs/config_php.html",,,"プロジェクト共有設定 (config.php)",,,,,"/manual/index.html>/manual/configs/index.html","1",,,,,,,,
"/manual/configs/project_personal_config.html",,,"プロジェクト個人設定",,,,,"/manual/index.html>/manual/configs/index.html","1",,,,,,,,
"/manual/sitemap/index.html",,,"サイトマップ編集",,,,,"/manual/index.html","1",,,,,,,,
"/manual/theme/index.html",,,"テーマ編集",,,,,"/manual/index.html","1",,,,,,,,
"/manual/contents/index.html",,,"コンテンツ編集",,,,,"/manual/index.html","1",,,,,,,,
"/manual/publish/index.html",,,"パブリッシュ",,,,,"/manual/index.html","1",,,,,,,,
"/manual/cmd_options/index.html",,,"コマンドラインオプション",,,,,"/manual/index.html","1",,,,,,,,
"/manual/plugins/index.html",,,"プラグイン",,,,,"/manual/index.html","1",,,,,,,,
"/manual/pxcommands/index.html",,,"PXコマンド",,,,,"/manual/index.html","1",,,,,,,,
"/manual/cmd_clearcache/index.html",,,"キャッシュを消去",,,,,"/manual/index.html>/manual/pxcommands/index.html","1",,,,,,,,
"/manual/cmd_api/index.html",,,"コマンドラインAPI",,,,,"/manual/index.html>/manual/pxcommands/index.html","1",,,,,,,,
"/manual/guieditor/index.html",,,"GUI編集",,,,,"/manual/index.html","1",,,,,,,,
"/manual/guieditor/setting_pickles2/index.html",,,"GUI編集を使うための Pickles 2 の設定",,,,,"/manual/index.html>/manual/guieditor/index.html","1",,,,,,,,
"/manual/guieditor/designing_modules/index.html",,,"GUIモジュール定義",,,,,"/manual/index.html>/manual/guieditor/index.html","1",,,,,,,,
"/manual/guieditor/designing_modules_with_tplengines/index.html",,,"Twigエンジンを用いたGUIモジュール定義",,,,,"/manual/index.html>/manual/guieditor/index.html","1",,,,,,,,
"/manual/guieditor/fields/index.html",,,"フィールド一覧",,,,,"/manual/index.html>/manual/guieditor/index.html","1",,,,,,,,
"/manual/guieditor/fields/html/index.html",,,"html フィールド",,,,,"/manual/index.html>/manual/guieditor/index.html>/manual/guieditor/fields/index.html","1",,,,,,,,
"/manual/guieditor/fields/text/index.html",,,"text フィールド",,,,,"/manual/index.html>/manual/guieditor/index.html>/manual/guieditor/fields/index.html","1",,,,,,,,
"/manual/guieditor/fields/markdown/index.html",,,"markdown フィールド",,,,,"/manual/index.html>/manual/guieditor/index.html>/manual/guieditor/fields/index.html","1",,,,,,,,
"/manual/guieditor/fields/multitext/index.html",,,"multitext フィールド",,,,,"/manual/index.html>/manual/guieditor/index.html>/manual/guieditor/fields/index.html","1",,,,,,,,
"/manual/guieditor/fields/image/index.html",,,"image フィールド",,,,,"/manual/index.html>/manual/guieditor/index.html>/manual/guieditor/fields/index.html","1",,,,,,,,
"/manual/guieditor/fields/table/index.html",,,"table フィールド",,,,,"/manual/index.html>/manual/guieditor/index.html>/manual/guieditor/fields/index.html","1",,,,,,,,
"/manual/guieditor/fields/html_attr_text/index.html",,,"html_attr_text フィールド",,,,,"/manual/index.html>/manual/guieditor/index.html>/manual/guieditor/fields/index.html","1",,,,,,,,
"/manual/guieditor/fields/href/index.html",,,"href フィールド",,,,,"/manual/index.html>/manual/guieditor/index.html>/manual/guieditor/fields/index.html","1",,,,,,,,
"/manual/guieditor/fields/select/index.html",,,"select フィールド",,,,,"/manual/index.html>/manual/guieditor/index.html>/manual/guieditor/fields/index.html","1",,,,,,,,
"/manual/guieditor/select_gui_engine/index.html",,,"GUI編集エンジンの種類と切り替え方法",,,,,"/manual/index.html>/manual/guieditor/index.html","1",,,,,,,,
"/manual/contents_manifesto/index.html",,,"Contents Manifesto",,,,,"/manual/index.html","1",,,,,,,,
"/manual/api_reference/index.html",,,"API リファレンス",,,,,"/manual/index.html","1",,,,,,,,
"/tools/index.html",,,"ツール・リソース",,,,,,"1",,,,,"1",,,
"/tools/px2dt/index.html",,,"Pickles 2 (Pickles 2 Desktop Tool)","Pickles 2",,"Pickles 2",,"/tools/index.html","1",,,,,,,,
"/tools/asazuke/index.html",,,"Asazuke",,,,,"/tools/index.html","1",,,,,,,,
"/blog/{*}","/blog/index.html",,"BLOG",,,,,,"1",,,,,"1",,,
"/usergroups/index.html",,,"ユーザーグループ",,,,,,"1",,,,,"1",,,
"/developers/index.html",,,"開発者向けの情報",,,,,,"1",,,,,,,,
"/etc/ci_list/index.html",,,"CIバッジ",,,,,"/developers/index.html","1",,,,,,,,
"/search/index.html",,,"サイト内検索",,,,,,,,,,,,,,
